Brand,Title,Price,Product Link,Source Brand Page
Levis,Solid Lounge T-shirt,Rs. 558Rs. 649(14% OFF),https://www.myntra.comlounge-tshirts/levis/levis-men-soft-pure-cotton-round-neck-half-sleeve-tshirt/12027436/buy,https://www.myntra.com/levis
Levis,Men Solid Thermal Top,Rs. 483Rs. 849(43% OFF),https://www.myntra.comthermal-tops/levis/levis-mens-round-neck-half-sleeve-thermal-regular-fit-top/10723252/buy,https://www.myntra.com/levis
Levis,Men 511 Slim Fit Jeans,Rs. 1439Rs. 2999(52% OFF),https://www.myntra.comjeans/levis/levis-men-511-slim-fit-light-fade-stretchable-jeans/25756782/buy,https://www.myntra.com/levis
Levis,Men Neo Briefs,Rs. 201Rs. 249(19% OFF),https://www.myntra.combriefs/levis/levis-men-solid-cotton-ultrasoft-waistband-brief-with-smartskin-technology/9263091/buy,https://www.myntra.com/levis
Levis,Men Pack of 2 Solid Briefs,Rs. 383Rs. 479(20% OFF),https://www.myntra.combriefs/levis/levis-men-pack-of-2-solid-cotton-ultrasoft-waistband-brief-with-smartskin-technology/9262603/buy,https://www.myntra.com/levis
Levis,Men 512 Slim Fit Jeans,Rs. 1739Rs. 2999(42% OFF),https://www.myntra.comjeans/levis/levis-men-512--low-rise-light-fade-stretchable-tapered-fit-jeans/25756744/buy,https://www.myntra.com/levis
Levis,Solid Lounge T-shirt,Rs. 558Rs. 649(14% OFF),https://www.myntra.comlounge-tshirts/levis/levis-men-soft-pure-cotton-round-neck-half-sleeve-tshirt/12027432/buy,https://www.myntra.com/levis
Levis,Men Solid Innerwear Vest,Rs. 239Rs. 279(14% OFF),https://www.myntra.cominnerwear-vests/levis/levis-men-solid-scoop-neck-sleeveless-pure-cotton-classic-vest/9270955/buy,https://www.myntra.com/levis
Levis,Pack of 2 Assorted Trunks,Rs. 448Rs. 598(25% OFF),https://www.myntra.comtrunk/levis/levis-men-pack-of-2-assorted-solid-trunks-020/14447638/buy,https://www.myntra.com/levis
Levis,Men Pure Cotton Neo Brief,Rs. 201Rs. 249(19% OFF),https://www.myntra.combriefs/levis/levis-men-solid-cotton-ultrasoft-waistband-brief-with-smartskin-technology/9262481/buy,https://www.myntra.com/levis
Levis,Men Solid Innerwear Vest,Rs. 279Rs. 329(15% OFF),https://www.myntra.cominnerwear-vests/levis/levis-men-solid-round-neck-sleeveless-pure-cotton-rib-vest/9270895/buy,https://www.myntra.com/levis
Levis,Pack of 2 Assorted Trunks,Rs. 433Rs. 578(25% OFF),https://www.myntra.comtrunk/levis/levis-men-pack-of-2-solid-cotton-rib-ultrasoft-waistband-shorter-length-trunk/14447636/buy,https://www.myntra.com/levis
Levis,Cotton Sweatshirt & Shorts,Rs. 1871Rs. 3899(52% OFF),https://www.myntra.comco-ords/levis/levis-pure-cotton-printed-sweatshirt--shorts/32905216/buy,https://www.myntra.com/levis
Levis,Men Checked Backpack- 17 Ltr,Rs. 839Rs. 1999(58% OFF),https://www.myntra.combackpacks/levis/levis-men-checked-backpack---17-ltr/26436538/buy,https://www.myntra.com/levis
Levis,Men Assorted Solid Trunks,Rs. 259Rs. 345(25% OFF),https://www.myntra.comtrunk/levis/levis-men-assorted-solid-trunks-018-trunk-asst-p1/14461444/buy,https://www.myntra.com/levis
Levis,Men Pack of 2 Neo Briefs,Rs. 383Rs. 479(20% OFF),https://www.myntra.combriefs/levis/levis-men-pack-of-2-solid-cotton-ultrasoft-waistband-brief-with-smartskin-technology/9262443/buy,https://www.myntra.com/levis
Levis,Men Solid Thermal Top,Rs. 483Rs. 849(43% OFF),https://www.myntra.comthermal-tops/levis/levis-mens-round-neck-half-sleeve-thermal-regular-fit-top-grey/10723242/buy,https://www.myntra.com/levis
Levis,Men Slim Fit Jeans,Rs. 1739Rs. 2999(42% OFF),https://www.myntra.comjeans/levis/levis-men-511-slim-low-rise-light-fade-stretchable-jeans/25756832/buy,https://www.myntra.com/levis
Levis,Solid V-Neck Lounge T-shirt,Rs. 558Rs. 649(14% OFF),https://www.myntra.comlounge-tshirts/levis/levis-men-pure-cotton-v-neck-short-sleeve-tshirt/12027420/buy,https://www.myntra.com/levis
Levis,Pack of 2 Assorted Briefs,Rs. 283Rs. 378(25% OFF),https://www.myntra.combriefs/levis/levis-men-pack-of-2-solid-pure-cotton-brief-with-smartskin-technology/14447770/buy,https://www.myntra.com/levis
Levis,Brand Logo Printed Trunk,Rs. 469Rs. 649(28% OFF),https://www.myntra.comtrunk/levis/levis-men-solid-micro-modal-strech-supima-cotton-shorter-length-trunk/30144089/buy,https://www.myntra.com/levis
Levis,Solid Lounge T-shirt,Rs. 558Rs. 649(14% OFF),https://www.myntra.comlounge-tshirts/levis/levis-men-soft-pure-cotton-round-neck-half-sleeve-tshirt/12027422/buy,https://www.myntra.com/levis
Levis,Solid V-Neck Lounge T-shirt,Rs. 558Rs. 649(14% OFF),https://www.myntra.comlounge-tshirts/levis/levis-men-pure-cotton-v-neck-short-sleeve-tshirt/12027434/buy,https://www.myntra.com/levis
Levis,Men Solid Pure Cotton Boxers,Rs. 521Rs. 899(42% OFF),https://www.myntra.comboxers/levis/levis-men-solid-cotton-woven-soft--boxer-shorts-with-side-pocket/11870958/buy,https://www.myntra.com/levis
Levis,Pack of 2 Cotton Briefs,Rs. 383Rs. 479(20% OFF),https://www.myntra.combriefs/levis/levis-men-pack-of-2-solid-cotton-ultrasoft-waistband-brief-with-smartskin-technology/9262607/buy,https://www.myntra.com/levis
Levis,Solid Lounge T-shirt,Rs. 558Rs. 649(14% OFF),https://www.myntra.comlounge-tshirts/levis/levis-men-soft-pure-cotton-round-neck-half-sleeve-tshirt/12027418/buy,https://www.myntra.com/levis
Levis,Men 511 Slim Fit Jeans,Rs. 2204Rs. 3499(37% OFF),https://www.myntra.comjeans/levis/levis-men-511-slim-fit-stretchable-jeans/35552287/buy,https://www.myntra.com/levis
Levis,Printed Pure Cotton Boxers,Rs. 575Rs. 799(28% OFF),https://www.myntra.comboxers/levis/levis-men-printed-cotton-woven-soft--boxer-shorts-with-side-pocket/30143920/buy,https://www.myntra.com/levis
Levis,Men 511 Slim Fit Jeans,Rs. 1971Rs. 3399(42% OFF),https://www.myntra.comjeans/levis/levis-men-511-slim-fit-light-fade-stretchable-jeans/35552316/buy,https://www.myntra.com/levis
Levis,Men 511 Slim Fit Jeans,Rs. 1589Rs. 2999(47% OFF),https://www.myntra.comjeans/levis/levis-men-511-slim-fit-heavy-fade-stretchable-jeans/25756766/buy,https://www.myntra.com/levis
Puma,Youth Graphic Pants,Rs. 664Rs. 1899(65% OFF),https://www.myntra.comtrack-pants/puma/puma-youth-graphic-pants/32602065/buy,https://www.myntra.com/puma
Puma,Men Knitted Sweatpants,Rs. 1259Rs. 2799(55% OFF),https://www.myntra.comtrack-pants/puma/puma-men-cotton-knitted-sweatpants-/32443012/buy,https://www.myntra.com/puma
Puma,Alfarun Hyperwave Sneakers,Rs. 1879Rs. 3999(53% OFF),https://www.myntra.comcasual-shoes/puma/puma-women-textured-alfarun-hyperwave-sneakers/27454906/buy,https://www.myntra.com/puma
Puma,Women Running Shoes,Rs. 3709Rs. 5299(30% OFF),https://www.myntra.comsports-shoes/puma/puma-women-softride-rift-pulsefusion-mesh-running-shoes/35662150/buy,https://www.myntra.com/puma
Puma,Dry Cell Training Bra,Rs. 1205Rs. 1799(33% OFF),https://www.myntra.combra/puma/puma-mid-impact-full-coverage-dry-cell-training-sports-bra-52881880-dark-indigo/34276126/buy,https://www.myntra.com/puma
Puma,Softride Harli Hybrid Shoes,Rs. 2819Rs. 5999(53% OFF),https://www.myntra.comsports-shoes/puma/puma-women-softride-harli-hybrid-skins-running-shoes/36674139/buy,https://www.myntra.com/puma
Puma,Men Drycell Slim Fit Jogger,Rs. 1419Rs. 1999(29% OFF),https://www.myntra.comtrack-pants/puma/puma-men-train-all-day-essentials-drycell-slim-fit-jogger/34357445/buy,https://www.myntra.com/puma
Puma,Cricket Teams Men Pants,Rs. 1105Rs. 3159(65% OFF),https://www.myntra.comtrack-pants/puma/puma-cricket-teams-men-slim-fit-training-pants/32460763/buy,https://www.myntra.com/puma
Puma,Men Outdoor Sports Shorts,Rs. 1109Rs. 1499(26% OFF),https://www.myntra.comshorts/puma/puma-men-essential-drycell-outdoor-sports-shorts/36653153/buy,https://www.myntra.com/puma
Puma,Womens Logo Polo,Rs. 679Rs. 1699(60% OFF),https://www.myntra.comtshirts/puma/puma-womens-logo-polo---red/30850276/buy,https://www.myntra.com/puma
Puma,Men Outdoor Sports Shorts,Rs. 1109Rs. 1499(26% OFF),https://www.myntra.comshorts/puma/puma-men-essential-drycell-outdoor-sports-shorts/36653152/buy,https://www.myntra.com/puma
Puma,Women AKP Slip-On WalkingShoes,Rs. 2114Rs. 4499(53% OFF),https://www.myntra.comsports-shoes/puma/puma-women-anzarun-krick-pro-slip-on-walking-shoes/27183638/buy,https://www.myntra.com/puma
Puma,Women Stride Lite Running Shoe,Rs. 2819Rs. 5999(53% OFF),https://www.myntra.comsports-shoes/puma/puma-women-stride-lite-running-shoes/35220689/buy,https://www.myntra.com/puma
Puma,Men Slim Fit Polo T-shirt,Rs. 764Rs. 1699(55% OFF),https://www.myntra.comtshirts/puma/puma-men-slim-fit-polo-t-shirt/30850258/buy,https://www.myntra.com/puma
Puma,Men Outdoor Sports Shorts,Rs. 1109Rs. 1499(26% OFF),https://www.myntra.comshorts/puma/puma-men-essential-drycell-outdoor-sports-shorts/36653150/buy,https://www.myntra.com/puma
Puma,Women Whizzlite Sneakers,Rs. 2789Rs. 4499(38% OFF),https://www.myntra.comcasual-shoes/puma/puma-women-whizzlite-sneakers/25785622/buy,https://www.myntra.com/puma
Puma,Softride Harli Hybrid Shoes,Rs. 2819Rs. 5999(53% OFF),https://www.myntra.comsports-shoes/puma/puma-women-softride-harli-hybrid-skins-running-shoes/36674136/buy,https://www.myntra.com/puma
Puma,Women Softride Vital Move Shoe,Rs. 2490Rs. 5299(53% OFF),https://www.myntra.comsports-shoes/puma/puma-softride-vital-move-womens-running-shoes/34536443/buy,https://www.myntra.com/puma
Puma,Unisex Lightweight Runner Cap,Rs. 649Rs. 1299(50% OFF),https://www.myntra.comcaps/puma/puma-printed-logo-runner-baseball-cap/29536760/buy,https://www.myntra.com/puma
Puma,Moisture-Wicking Running Cap,Rs. 359Rs. 899(60% OFF),https://www.myntra.comcaps/puma/puma-moisture-wicking-poly-cotton-running-cap/13341866/buy,https://www.myntra.com/puma
Puma,Men dryCELL Track Pants,Rs. 1419Rs. 1999(29% OFF),https://www.myntra.comtrack-pants/puma/puma-men-drycell-train-all-day-essentials-regular-track-pants/34357463/buy,https://www.myntra.com/puma
Puma,Men Slip-On Sneakers,Rs. 2114Rs. 4499(53% OFF),https://www.myntra.comcasual-shoes/puma/puma-men-slip-on-sneakers/21818536/buy,https://www.myntra.com/puma
Puma,Men Knitted Sweatpants,Rs. 1119Rs. 2799(60% OFF),https://www.myntra.comtrack-pants/puma/puma-men-knitted-sweatpants/32441983/buy,https://www.myntra.com/puma
Puma,Women Popcat 20 Apexa Sliders,Rs. 1324Rs. 2499(47% OFF),https://www.myntra.comflip-flops/puma/puma-women-popcat-20-apexa-printed-sliders/27454838/buy,https://www.myntra.com/puma
Puma,Men Essential Training Shorts,Rs. 1206Rs. 1699(29% OFF),https://www.myntra.comshorts/puma/puma-men-brand-logo-detail-mid-rise-essential-terry-training-shorts/36509381/buy,https://www.myntra.com/puma
Puma,Youth Zippered Jersey Pants,Rs. 953Rs. 1799(47% OFF),https://www.myntra.comtrack-pants/puma/puma-youth-zippered-jersey-pants/34975879/buy,https://www.myntra.com/puma
Puma,Softride Harli Running Shoes,Rs. 2819Rs. 5999(53% OFF),https://www.myntra.comsports-shoes/puma/puma-women-softride-harli-running-shoes/34980767/buy,https://www.myntra.com/puma
Puma,Women Slip-On Sneakers,Rs. 2114Rs. 4499(53% OFF),https://www.myntra.comcasual-shoes/puma/puma-women-black-slip-on-sneakers/22275854/buy,https://www.myntra.com/puma
Puma,Men Essential Training Shorts,Rs. 1206Rs. 1699(29% OFF),https://www.myntra.comshorts/puma/puma-men-brand-logo-detail-mid-rise-essential-terry-training-shorts/36509379/buy,https://www.myntra.com/puma
Puma,Evoflex MaxGrip Running Shoes,Rs. 2804Rs. 5499(49% OFF),https://www.myntra.comsports-shoes/puma/puma-men-evoflex-maxgrip-lightweight-running-shoes/34890138/buy,https://www.myntra.com/puma
Nike,Academy Men's Dri-FIT Pants,Rs. 1677Rs. 2795(40% OFF),https://www.myntra.comtrack-pants/nike/nike-academy-mens-dri-fit-football-pants/37136194/buy,https://www.myntra.com/nike
Nike,Indy Light-Support Women's Bra,Rs. 1756Rs. 2195(20% OFF),https://www.myntra.combra/nike/nike-indy-light-support-womens-padded-adjustable-sports-bra/37460194/buy,https://www.myntra.com/nike
Nike,3 Next Nature Workout Shoes,Rs. 3497Rs. 4995(30% OFF),https://www.myntra.comsports-shoes/nike/nike-legend-essential-3-next-nature-men-workout-shoes/34955475/buy,https://www.myntra.com/nike
Nike,Women Lace-Up Workout Shoes,Rs. 3497Rs. 4995(30% OFF),https://www.myntra.comsports-shoes/nike/nike-legend-essential-3-next-nature-women-lace-up-workout-shoes/34807140/buy,https://www.myntra.com/nike
Nike,Women Loose Fit Trousers,Rs. 4995,https://www.myntra.comtrousers/nike/nike-jordan-brooklyn-womens-loose-fit-parachute-trousers/35021981/buy,https://www.myntra.com/nike
Nike,3 Next Nature Workout Shoes,Rs. 3497Rs. 4995(30% OFF),https://www.myntra.comsports-shoes/nike/nike-womens-legend-essential-3-next-nature-workout-shoes/34807146/buy,https://www.myntra.com/nike
Nike,Run Defy Women's Running Shoes,Rs. 3995,https://www.myntra.comsports-shoes/nike/nike-run-defy-womens-road-running-shoes/38442267/buy,https://www.myntra.com/nike
Nike,Dri-FIT Full-Length Leggings,Rs. 2476Rs. 3095(20% OFF),https://www.myntra.comtights/nike/nike-one-seamless-front-womens-high-waisted-dri-fit-full-length-leggings/30129733/buy,https://www.myntra.com/nike
Nike,Unisex Heritage 2.0 Tote Bag,Rs. 1607Rs. 2295(30% OFF),https://www.myntra.comhandbags/nike/nike-unisex-heritage-20-tote-bag-22l/35548277/buy,https://www.myntra.com/nike
Nike,Sportswear Futura 365 Backpack,Rs. 1996Rs. 2495(20% OFF),https://www.myntra.combackpacks/nike/nike-sportswear-futura-365-womens-mini-backpack-6l/36618653/buy,https://www.myntra.com/nike
Nike,Pro Seamless Women's Bra,Rs. 2345Rs. 2495(6% OFF),https://www.myntra.combra/nike/nike-pro-seamless-womens-light-support-padded-sports-bra/38941771/buy,https://www.myntra.com/nike
Nike,Run Defy Running Shoes,Rs. 3995,https://www.myntra.comsports-shoes/nike/nike-run-defy-mens-road-running-shoes/33477860/buy,https://www.myntra.com/nike
Nike,Run Defy Running Shoes,Rs. 3995,https://www.myntra.comsports-shoes/nike/nike-run-defy-mens-road-running-shoes/33477858/buy,https://www.myntra.com/nike
Nike,Swoosh Medium-Support Bra,Rs. 2345Rs. 2495(6% OFF),https://www.myntra.combra/nike/nike-swoosh-medium-support-womens-padded-sports-bra/38941768/buy,https://www.myntra.com/nike
Nike,Road-Running Shoes,Rs. 3995,https://www.myntra.comsports-shoes/nike/nike-run-defy-men-road-running-shoes/38160198/buy,https://www.myntra.com/nike
Nike,Run Defy Road-Running Shoes,Rs. 3596Rs. 3995(10% OFF),https://www.myntra.comsports-shoes/nike/nike-run-defy-men-lace-ups-road-running-shoes/34955453/buy,https://www.myntra.com/nike
Nike,Men Form Dri-FIT Track Pants,Rs. 2995,https://www.myntra.comtrack-pants/nike/nike-men-form-dri-fit-open-hem-versatile-track-pants/36481088/buy,https://www.myntra.com/nike
Nike,Sportswear Mini Backpack - 6 L,Rs. 1497Rs. 2495(40% OFF),https://www.myntra.combackpacks/nike/nike-sportswear-futura-365-mini-backpack---6-l/33109128/buy,https://www.myntra.com/nike
Nike,Downshifter 12 Running Shoes,Rs. 3196Rs. 3995(20% OFF),https://www.myntra.comsports-shoes/nike/nike-men-solid-downshifter-12-road-running-shoes/17205438/buy,https://www.myntra.com/nike
Nike,Juniper Trail 2 Running Shoes,Rs. 5676Rs. 7095(20% OFF),https://www.myntra.comsports-shoes/nike/nike-juniper-trail-2-mens-trail-running-shoes-/39360394/buy,https://www.myntra.com/nike
Nike,Academy Football Gymsack (18L),Rs. 895,https://www.myntra.combackpacks/nike/nike-academy-football-gymsack-18l/30753887/buy,https://www.myntra.com/nike
Nike Fragrances,Men EDT Deodorant - 200ml,Rs. 398Rs. 429(7% OFF),https://www.myntra.comdeodorant/nike+fragrances/nike-fragrances-men-the-perfume-man-long-lasting-eau-de-toilette-deodorant---200ml/33190351/buy,https://www.myntra.com/nike
Nike,Dri-FIT Ankle Length Tights,Rs. 5495,https://www.myntra.comtights/nike/nike-women-dri-fit-ankle-length-tights/32039744/buy,https://www.myntra.com/nike
Nike,Run Defy Men's Road-Shoes,Rs. 3995,https://www.myntra.comsports-shoes/nike/nike-run-defy-mens-road-running-shoes/38756810/buy,https://www.myntra.com/nike
Nike,Brasilia 9.5 Duffel Bag,Rs. 1836Rs. 2295(20% OFF),https://www.myntra.comduffel-bag/nike/nike-brasilia-95-training-duffel-bag-extra-small-25l/36619556/buy,https://www.myntra.com/nike
Nike,Air Men's Woven Bottoms,Rs. 3436Rs. 4295(20% OFF),https://www.myntra.comtrack-pants/nike/nike-air-mens-woven-tracksuit-bottoms/36600783/buy,https://www.myntra.com/nike
Nike,Women's Road Running Shoes,Rs. 3995,https://www.myntra.comsports-shoes/nike/nike-run-defy-womens-road-running-shoes/38362902/buy,https://www.myntra.com/nike
Nike,Sportswear Futura 365 Backpack,Rs. 1996Rs. 2495(20% OFF),https://www.myntra.combackpacks/nike/nike-sportswear-futura-365-womens-mini-backpack-6l/36618654/buy,https://www.myntra.com/nike
Nike,AS M NK DF WVN ICON PANT STRTF,Rs. 2587Rs. 3695(30% OFF),https://www.myntra.comtrack-pants/nike/nike-as-m-nk-df-wvn-icon-pant-strtf/30029458/buy,https://www.myntra.com/nike
Nike,Heritage 2.0 Tote Bag (22L),Rs. 1995,https://www.myntra.comhandbags/nike/nike-heritage-20-tote-bag-22l/33144110/buy,https://www.myntra.com/nike
ADIDAS,Men Dynamic Pulse EDT-100ml,Rs. 1199Rs. 1499(20% OFF),https://www.myntra.comperfume/adidas/adidas-men-dynamic-pulse-long-lasting-eau-de-toilette---100-ml/27615350/buy,https://www.myntra.com/adidas
ADIDAS,Women Aeroready Track Suits,Rs. 3319Rs. 3999(17% OFF),https://www.myntra.comtracksuits/adidas/adidas-women-plain-ts-aeroready-track-suits/30106062/buy,https://www.myntra.com/adidas
ADIDAS,Kids Amblish 1.0 Walking Shoes,Rs. 1493Rs. 1799(17% OFF),https://www.myntra.comsports-shoes/adidas/adidas-kids-amblish-10-walking-shoes/38664894/buy,https://www.myntra.com/adidas
ADIDAS,Men Light Edge Force Running,Rs. 2799Rs. 5599(50% OFF),https://www.myntra.comsports-shoes/adidas/adidas-men-woven-design-lightrun-edge-force-running-shoes-with-striped-detail/34009976/buy,https://www.myntra.com/adidas
ADIDAS,Men Victory League EDT-100ml,Rs. 1004Rs. 1499(33% OFF),https://www.myntra.comperfume/adidas/adidas-men-victory-league-long-lasting-eau-de-toilette---100-ml/27615354/buy,https://www.myntra.com/adidas
ADIDAS,Kids Amblish 1.0 Walking Shoes,Rs. 1493Rs. 1799(17% OFF),https://www.myntra.comsports-shoes/adidas/adidas-kids-amblish-10-walking-shoes/38664945/buy,https://www.myntra.com/adidas
ADIDAS,Men CLOUDFOAM GO LOUNGER,Rs. 3359Rs. 5999(44% OFF),https://www.myntra.comsports-shoes/adidas/adidas-men-cloudfoam-go-lounger-walking-shoes/29021366/buy,https://www.myntra.com/adidas
ADIDAS,Men Pure Game EDT-100ml,Rs. 1274Rs. 1499(15% OFF),https://www.myntra.comperfume/adidas/adidas-men-pure-game-long-lasting-eau-de-toilette---100-ml/27615356/buy,https://www.myntra.com/adidas
ADIDAS,DURAMO SL Men Sports Shoes,Rs. 4091Rs. 6599(38% OFF),https://www.myntra.comsports-shoes/adidas/adidas-duramo-sl-men-sports-shoes/31020104/buy,https://www.myntra.com/adidas
ADIDAS,Unisex Daily Baseball Cap,Rs. 499Rs. 999(50% OFF),https://www.myntra.comcaps/adidas/adidas-unisex-printed-daily-baseball-cap/33669775/buy,https://www.myntra.com/adidas
ADIDAS,Women Aeroready Tracksuits,Rs. 3599Rs. 3999(10% OFF),https://www.myntra.comtracksuits/adidas/adidas-women-aeroready-jacket-with-joggers/30106060/buy,https://www.myntra.com/adidas
ADIDAS,Kids Pierco2.0 Thong Flip-Flop,Rs. 629Rs. 999(37% OFF),https://www.myntra.comflip-flops/adidas/adidas-kids-striped-pierco-20-thong-flip-flops/24082634/buy,https://www.myntra.com/adidas
ADIDAS,Men Cricup 23 Shoes,Rs. 2255Rs. 4799(53% OFF),https://www.myntra.comsports-shoes/adidas/adidas-men-cricup-23-shoes/32355656/buy,https://www.myntra.com/adidas
ADIDAS,Round Neck Sweatshirt,Rs. 999Rs. 2299(57% OFF),https://www.myntra.comsweatshirts/adidas/adidas-brand-logo-detail-round-neck-sweatshirt/34230731/buy,https://www.myntra.com/adidas
ADIDAS,Linear G Small Duffel Bag,Rs. 1623Rs. 2799(42% OFF),https://www.myntra.comduffel-bag/adidas/adidas-linear-g-leopard-print-small-duffel-bag/34986330/buy,https://www.myntra.com/adidas
ADIDAS,Men SteertAhead Running Shoes,Rs. 2123Rs. 3599(41% OFF),https://www.myntra.comsports-shoes/adidas/adidas-men-woven-design-steertahead-running-shoes/20071060/buy,https://www.myntra.com/adidas
ADIDAS,Men SPDwin Running Shoes,Rs. 2708Rs. 4299(37% OFF),https://www.myntra.comsports-shoes/adidas/adidas-men-spdwin-ortholite-running-shoes/34010054/buy,https://www.myntra.com/adidas
ADIDAS,Kids Bolter 1.0C Walking Shoes,Rs. 1959Rs. 2799(30% OFF),https://www.myntra.comsports-shoes/adidas/adidas-kids-bolter-10-c-walking-shoes/38664943/buy,https://www.myntra.com/adidas
ADIDAS,Men Step-N-Pace Running Shoes,Rs. 2808Rs. 5299(47% OFF),https://www.myntra.comsports-shoes/adidas/adidas-men-woven-design-step-n-pace-running-shoes/23129990/buy,https://www.myntra.com/adidas
ADIDAS,Men Lightrun Edge Force Shoes,Rs. 2799Rs. 5599(50% OFF),https://www.myntra.comsports-shoes/adidas/adidas-men-lightrun-edge-force-running-shoes/34009973/buy,https://www.myntra.com/adidas
ADIDAS,Men Fresh Endurance Deo-96g,Rs. 279Rs. 399(30% OFF),https://www.myntra.comdeodorant/adidas/adidas-men-fresh-endurance-72h-anti-perspirant-deodorant---96-g/27615372/buy,https://www.myntra.com/adidas
ADIDAS,Unisex Daily Baseball Cap,Rs. 659Rs. 999(34% OFF),https://www.myntra.comcaps/adidas/adidas-unisex-printed-daily-baseball-cap/33669778/buy,https://www.myntra.com/adidas
ADIDAS,Men DURAMO SL Running Shoes,Rs. 4289Rs. 6599(35% OFF),https://www.myntra.comsports-shoes/adidas/adidas-men-duramo-sl-running-shoes/26239024/buy,https://www.myntra.com/adidas
ADIDAS,Print Detail Sports T-shirt,Rs. 739Rs. 999(26% OFF),https://www.myntra.comtshirts/adidas/adidas-brand-logo-print-detail-sports-t-shirt/29564784/buy,https://www.myntra.com/adidas
ADIDAS,Kids Vertago 3.0 Running Shoes,Rs. 1889Rs. 2999(37% OFF),https://www.myntra.comsports-shoes/adidas/adidas-kids-woven-design-vertago-30-running-shoes/24084398/buy,https://www.myntra.com/adidas
ADIDAS,Men Comfrt Stride Shoes,Rs. 2799Rs. 4999(44% OFF),https://www.myntra.comsports-shoes/adidas/adidas-men-comfrt-stride-walking-shoes/29884065/buy,https://www.myntra.com/adidas
ADIDAS,Kids Adi Trend 1.0C Walk Shoes,Rs. 1908Rs. 2299(17% OFF),https://www.myntra.comsports-shoes/adidas/adidas-kids-adi-trend-10-c-walking-shoes/38747071/buy,https://www.myntra.com/adidas
ADIDAS Originals,Unisex Break Basketball Shoes,Rs. 3959Rs. 5999(34% OFF),https://www.myntra.comsports-shoes/adidas+originals/adidas-originals-unisex-break-start-ikd-3-striped-basketball-shoes/33180374/buy,https://www.myntra.com/adidas
ADIDAS,Men Prizmo Running Shoes,Rs. 1199Rs. 3999(70% OFF),https://www.myntra.comsports-shoes/adidas/adidas-men-black-woven-design-prizmo-running-shoes/18373574/buy,https://www.myntra.com/adidas
ADIDAS,Round Neck T-shirt,Rs. 739Rs. 999(26% OFF),https://www.myntra.comtshirts/adidas/adidas-round-neck-t-shirt/29564790/buy,https://www.myntra.com/adidas
HRX by Hrithik Roshan,Pack Of 3 Ankle Length Socks,Rs. 263Rs. 1099(76% OFF),https://www.myntra.comsocks/hrx+by+hrithik+roshan/hrx-by-hrithik-roshan-men-pack-of-3-white--blue-ankle-length-socks/22941186/buy,https://www.myntra.com/hrx
HRX by Hrithik Roshan,Lightly Padded Seamless Bra,Rs. 442Rs. 1499(71% OFF),https://www.myntra.combra/hrx+by+hrithik+roshan/hrx-by-hrithik-roshan-full-coverage-lightly-padded-rapid-dry-seamless-bra/32043762/buy,https://www.myntra.com/hrx
HRX by Hrithik Roshan,HRX-001 33 Running Shoes,Rs. 869Rs. 2999(Rs. 2130 OFF),https://www.myntra.comsports-shoes/hrx+by+hrithik+roshan/hrx-by-hrithik-roshan-unisex-hrx-001-33-mesh-running-non-marking-shoes/32093862/buy,https://www.myntra.com/hrx
HRX by Hrithik Roshan,Unisex Back To School Shoes,Rs. 924Rs. 3699(Rs. 2775 OFF),https://www.myntra.comcasual-shoes/hrx+by+hrithik+roshan/hrx-by-hrithik-roshan-unisex-back-to-school-shoes/29553912/buy,https://www.myntra.com/hrx
HRX by Hrithik Roshan,Men 5Pcs Ankle Length Socks,Rs. 350Rs. 1299(Rs. 949 OFF),https://www.myntra.comsocks/hrx+by+hrithik+roshan/hrx-by-hrithik-roshan-men-pack-of-5-ankle-length-cotton-socks/37731458/buy,https://www.myntra.com/hrx
HRX by Hrithik Roshan,Women Lifestyle Track Pants,Rs. 389Rs. 999(61% OFF),https://www.myntra.comtrack-pants/hrx+by+hrithik+roshan/hrx-by-hrithik-roshan-women-solid-lifestyle-track-pants/23598780/buy,https://www.myntra.com/hrx
HRX by Hrithik Roshan,Unisex Printed Sliders,Rs. 647Rs. 2399(Rs. 1752 OFF),https://www.myntra.comflip-flops/hrx+by+hrithik+roshan/hrx-by-hrithik-roshan-unisex-printed-sliders/36064829/buy,https://www.myntra.com/hrx
HRX by Hrithik Roshan,Yoga Seamless Sports Bra,Rs. 599Rs. 1499(Rs. 900 OFF),https://www.myntra.combra/hrx+by+hrithik+roshan/hrx-by-hrithik-roshan-black-solid-light-support-seamless-rapid-dry-yoga-sports-bra/11245642/buy,https://www.myntra.com/hrx
HRX by Hrithik Roshan,Rapid-Dry Training T-shirt,Rs. 359Rs. 899(60% OFF),https://www.myntra.comtshirts/hrx+by+hrithik+roshan/hrx-by-hrithik-roshan-printed-antimicrobial-rapid-dry-training-t-shirt/30036165/buy,https://www.myntra.com/hrx
HRX by Hrithik Roshan,Rapid-Dry Training T-shirt,Rs. 265Rs. 699(62% OFF),https://www.myntra.comtshirts/hrx+by+hrithik+roshan/hrx-by-hrithik-roshan-reflective-elements-detailed-rapid-dry-training-t-shirt/26350576/buy,https://www.myntra.com/hrx
HRX by Hrithik Roshan,Ankle-Length Track Pants,Rs. 699Rs. 1699(59% OFF),https://www.myntra.comtrack-pants/hrx+by+hrithik+roshan/athlisis-women-flare-trackpant/38839345/buy,https://www.myntra.com/hrx
HRX by Hrithik Roshan,Women Running Shoes,Rs. 987Rs. 3799(Rs. 2812 OFF),https://www.myntra.comsports-shoes/hrx+by+hrithik+roshan/hrx-by-hrithik-roshan-women-comfortable-running-shoes/23976344/buy,https://www.myntra.com/hrx
HRX by Hrithik Roshan,Women Training Joggers,Rs. 483Rs. 1099(56% OFF),https://www.myntra.comtrack-pants/hrx+by+hrithik+roshan/hrx-by-hrithik-roshan-women-rapid-dry-training-joggers/26872568/buy,https://www.myntra.com/hrx
HRX by Hrithik Roshan,Men Striped Track Pants,Rs. 594Rs. 1899(69% OFF),https://www.myntra.comtrack-pants/hrx+by+hrithik+roshan/hrx-by-hrithik-roshan-men-striped-cricket-track-pants/32316711/buy,https://www.myntra.com/hrx
HRX by Hrithik Roshan,Rapid-Dry Training T-shirt,Rs. 265Rs. 699(62% OFF),https://www.myntra.comtshirts/hrx+by+hrithik+roshan/hrx-by-hrithik-roshan-printed-rapid-dry-training-t-shirt/25860756/buy,https://www.myntra.com/hrx
HRX by Hrithik Roshan,Men's Zip Collar T-shirt,Rs. 568Rs. 1499(62% OFF),https://www.myntra.comtshirts/hrx+by+hrithik+roshan/hrx-by-hrithik-roshan-men-brand-logo-polo-collar-t-shirt/39829236/buy,https://www.myntra.com/hrx
HRX by Hrithik Roshan,Men Lifestyle Track Pants,Rs. 359Rs. 999(64% OFF),https://www.myntra.comtrack-pants/hrx+by+hrithik+roshan/hrx-by-hrithik-roshan-men-typography-detail-regular-fit-lifestyle-track-pants/31615186/buy,https://www.myntra.com/hrx
HRX by Hrithik Roshan,Men Parachute Track Pants,Rs. 550Rs. 2499(78% OFF),https://www.myntra.comtrack-pants/hrx+by+hrithik+roshan/hrx-by-hrithik-roshan-men-mid-rise-parachute-track-pants/31422182/buy,https://www.myntra.com/hrx
HRX by Hrithik Roshan,Rapid-Dry Training T-shirt,Rs. 265Rs. 699(62% OFF),https://www.myntra.comtshirts/hrx+by+hrithik+roshan/hrx-by-hrithik-roshan-brand-logo-printed-rapid-dry-training-t-shirt/30659179/buy,https://www.myntra.com/hrx
HRX by Hrithik Roshan,Women Training Track Pants,Rs. 614Rs. 1499(59% OFF),https://www.myntra.comtrack-pants/hrx+by+hrithik+roshan/hrx-by-hrithik-roshan-women-straight-training-track-pants/30659140/buy,https://www.myntra.com/hrx
HRX by Hrithik Roshan,Rapid-Dry Running T-shirt,Rs. 323Rs. 899(64% OFF),https://www.myntra.comtshirts/hrx+by+hrithik+roshan/hrx-by-hrithik-roshan-women-rapid-dry-running-t-shirt/21772394/buy,https://www.myntra.com/hrx
HRX by Hrithik Roshan,Rapid-Dry Training T-shirt,Rs. 279Rs. 699(60% OFF),https://www.myntra.comtshirts/hrx+by+hrithik+roshan/hrx-by-hrithik-roshan-printed-rapid-dry-training-t-shirt/25860828/buy,https://www.myntra.com/hrx
HRX by Hrithik Roshan,Women Training Track Pants,Rs. 339Rs. 999(66% OFF),https://www.myntra.comtrack-pants/hrx+by+hrithik+roshan/hrx-by-hrithik-roshan-women-training-track-pants/30390632/buy,https://www.myntra.com/hrx
HRX by Hrithik Roshan,Women Cotton Yoga Track Pants,Rs. 472Rs. 1099(57% OFF),https://www.myntra.comtrack-pants/hrx+by+hrithik+roshan/hrx-by-hrithik-roshan-women-pure-cotton-flared-fit-yoga-track-pants/26530224/buy,https://www.myntra.com/hrx
HRX by Hrithik Roshan,Men Lifestyle Track Pants,Rs. 467Rs. 1299(64% OFF),https://www.myntra.comtrack-pants/hrx+by+hrithik+roshan/hrx-by-hrithik-roshan-men-regular-fit-lifestyle-track-pants/23802022/buy,https://www.myntra.com/hrx
HRX by Hrithik Roshan,Rapid-Dry Sports Tracksuit,Rs. 1343Rs. 4799(Rs. 3456 OFF),https://www.myntra.comtracksuits/hrx+by+hrithik+roshan/hrx-by-hrithik-roshan-men-striped-rapid-dry-sports-tracksuit/28297410/buy,https://www.myntra.com/hrx
HRX by Hrithik Roshan,Rapid-Dry Training T-shirt,Rs. 323Rs. 899(64% OFF),https://www.myntra.comtshirts/hrx+by+hrithik+roshan/hrx-by-hrithik-roshan-rapid-dry-training-t-shirt/25860824/buy,https://www.myntra.com/hrx
HRX by Hrithik Roshan,Unisex Printed Sliders,Rs. 649Rs. 2499(Rs. 1850 OFF),https://www.myntra.comflip-flops/hrx+by+hrithik+roshan/hrx-by-hrithik-roshan-unisex-synthetic-printed-sliders/33251162/buy,https://www.myntra.com/hrx
HRX by Hrithik Roshan,Men Mid-Rise Track Pants,Rs. 740Rs. 1899(Rs. 1159 OFF),https://www.myntra.comtrack-pants/hrx+by+hrithik+roshan/hrx-by-hrithik-roshan-men-mid-rise-track-pants/32581260/buy,https://www.myntra.com/hrx
HRX by Hrithik Roshan,Rapid-Dry Training T-shirt,Rs. 286Rs. 699(59% OFF),https://www.myntra.comtshirts/hrx+by+hrithik+roshan/hrx-by-hrithik-roshan-brand-logo-printed-rapid-dry-training-t-shirt/28718666/buy,https://www.myntra.com/hrx
